grade,['F' 'B' 'E' 'C' 'D' 'A' 'G']
out_prncp,[0]
last_pymnt_amnt,[ 538.97  228.48  246.38 ...  340.31  282.63 1018.62]
total_pymnt,[ 1207.76  8215.45  1231.65 ... 12046.6   5933.76 18394.5 ]
out_prncp_inv,[0]
bad_loans,[0 1]
id,[ 55521  55742  56413 ... 369701 369713 369725]
emp_length_num,[ 1 11  4  2  9  8  3  7  5  6 10]
title,"['debt consolidation' 'Credit Card payoff'
 'Payoff high-rate CC Debt - No DQ/missed' ...
 'Consolidate Credit Card Deb' 'Refinancing a Predatry Loan' 'Bridge Loan']"
funded_amnt_inv,[   0  672  557 ... 3808 1932 6440]
initial_list_status,['f']
total_rec_prncp,"[9.99990e+02 7.00000e+03 7.83460e+02 5.02499e+03 6.49650e+02 4.52192e+03
 9.28410e+02 2.64999e+03 4.39999e+03 1.06250e+04 7.50001e+03 4.00384e+03
 6.62500e+03 1.60000e+04 1.00000e+04 2.30000e+03 1.80000e+04 5.00000e+03
 5.99999e+03 1.19500e+04 7.09999e+03 1.50000e+04 6.80000e+03 4.80000e+03
 9.60000e+03 1.08500e+04 5.59161e+03 2.37466e+03 1.20000e+04 1.45500e+04
 8.00000e+03 5.32338e+03 2.00000e+04 1.71503e+03 4.31755e+03 8.99999e+03
 4.00000e+03 2.50000e+03 3.29750e+02 2.40000e+04 7.99999e+03 1.54500e+04
 4.35114e+03 2.41958e+03 6.00000e+03 4.35000e+03 1.38530e+03 3.00000e+03
 1.10000e+04 2.28272e+03 9.50000e+03 3.66263e+03 6.23381e+03 1.20057e+03
 1.65022e+03 7.50000e+03 1.85000e+04 2.20464e+03 2.67500e+03 7.85000e+03
 4.38064e+03 1.10806e+03 2.82731e+03 2.00000e+03 2.40000e+03 1.11976e+04
 9.99999e+03 1.18639e+03 9.32500e+03 9.40000e+03 2.10000e+04 1.67499e+03
 1.27500e+04 8.17500e+03 3.43010e+02 6.65760e+02 1.30250e+04 1.12000e+04
 2.50000e+04 1.07500e+03 2.47420e+03 4.33760e+02 4.56654e+03 1.15000e+04
 2.83293e+03 5.50000e+03 3.50000e+03 7.20000e+03 2.10000e+03 6.89434e+03
 1.62810e+03 3.88731e+03 5.00000e+02 8.77500e+03 6.30602e+03 2.27042e+03
 2.26439e+03 1.87101e+03 3.80000e+03 4.50000e+03 3.66471e+03 2.20000e+03
 2.44447e+03 1.35301e+03 1.35131e+03 1.20000e+03 3.79952e+03 2.45000e+03
 6.54128e+03 4.28018e+03 9.00000e+03 8.40000e+03 1.28000e+04 1.68000e+04
 7.19999e+03 5.84732e+03 3.58400e+03 2.74230e+02 1.38750e+04 1.25000e+04
 1.40000e+04 9.29999e+03 3.86535e+03 4.13252e+03 2.64053e+03 6.69088e+03
 1.16584e+03 3.22313e+03 1.35000e+04 4.99999e+03 2.27063e+03 1.54641e+03
 1.17523e+03 3.65171e+03 1.73500e+04 1.85000e+03 3.42326e+03 2.20000e+04
 8.30250e+02 4.73574e+03 1.89000e+04 1.44000e+04 1.70925e+03 5.32276e+03
 1.53481e+04 2.39668e+03 3.88532e+03 5.66420e+02 3.38147e+03 1.29458e+04
 7.98773e+03 1.08000e+04 4.17060e+02 9.79999e+03 1.17500e+04 6.14922e+03
 5.64918e+03 1.60000e+03 1.11915e+03 6.60000e+03 1.35250e+04 1.08810e+02
 2.91851e+03 1.04000e+04 6.10060e+02 1.79999e+03 8.50293e+03 5.20000e+03
 1.12250e+04 8.97500e+03 6.43940e+02 1.49209e+04 6.22288e+03 1.90000e+04
 1.88750e+04 5.50000e+02 2.92175e+03 1.10699e+04 1.13250e+04 6.60490e+02
 1.70067e+03 1.47250e+04 2.32415e+03 9.74133e+03 8.23730e+02 1.95236e+03
 1.55439e+03 1.23250e+04 1.01000e+04 4.34400e+01 1.04630e+04 1.05000e+04
 1.09407e+04 5.95000e+03 1.30000e+03 4.22500e+03 5.40000e+03 8.05000e+03
 8.22500e+03 6.30920e+02 5.45000e+03 1.34500e+04 1.21000e+04 1.20373e+03
 2.60000e+03 2.52460e+02 1.50000e+03 7.54197e+03 6.40000e+03 1.01500e+04
 4.07337e+03 1.92000e+04 3.20000e+03 8.82270e+02 1.66000e+04 8.57500e+03
 9.66020e+02 4.94862e+03 7.40000e+03 4.60000e+03 5.64018e+03 1.30000e+04
 6.40960e+02 1.81250e+04 2.34000e+04 8.00000e+02 2.07429e+03 2.90000e+03
 9.70000e+03 2.45836e+03 1.77500e+04 1.27701e+03 1.16250e+04 3.39980e+03
 1.64585e+04 9.89999e+03 5.09999e+03 2.63773e+03 6.92460e+02 8.50000e+03
 9.10000e+03 2.27894e+03 6.22500e+03 3.57500e+03 5.98750e+02 1.45000e+03
 1.45000e+04 1.95000e+04 3.23558e+03 6.82500e+03 1.15480e+04 1.32594e+04
 4.58164e+03 3.21789e+03 1.13388e+03 1.50034e+03 1.52500e+04 2.24630e+02
 1.70000e+04 2.05000e+03 2.72500e+03 2.06537e+03 5.73540e+02 6.77427e+03
 1.50750e+04 1.33519e+04 7.50000e+02 9.55288e+03 2.50027e+03 3.97500e+03
 5.10000e+03 3.60000e+03 2.43578e+03 1.56690e+03 7.60000e+03 3.49999e+03
 1.13514e+03 1.21360e+03 9.59999e+03 5.27500e+03 1.18000e+04 2.87519e+03
 6.16157e+03 6.35000e+03 6.00000e+02 3.86315e+03 1.73111e+03 6.55005e+03
 3.17500e+03 8.95000e+03 8.90351e+03 6.09577e+03 4.71893e+03 8.02681e+03
 4.65000e+03 1.15840e+04 5.34053e+03 4.75884e+03 5.80000e+03 7.17571e+03
 1.42750e+04 9.00000e+02 1.00000e+03 5.03290e+03 0.00000e+00 1.23750e+04
 5.67710e+02 7.12516e+03 3.41934e+03 5.60000e+03 1.10815e+03 2.15831e+03
 6.94807e+03 5.49462e+03 2.73978e+03 2.69847e+03 5.10459e+03 5.63083e+03
 1.27896e+04 1.30208e+03 2.92500e+03 4.99531e+03 5.46060e+03 2.38396e+03
 5.50238e+03 1.03138e+04 2.97040e+02 4.70000e+03 4.35209e+03 1.44320e+03
 1.11575e+03 2.10994e+03 3.97115e+03 7.75000e+03 1.83023e+03 8.80000e+03
 8.45000e+03 3.05030e+03 7.80000e+03 1.01589e+04 5.03250e+02 6.40597e+03
 2.85908e+03 5.19447e+03 4.61700e+02 2.71580e+03 6.05322e+03 5.07586e+03
 9.69999e+03 1.26500e+04 4.85100e+02 5.97394e+03 1.22000e+04 9.43708e+03
 8.30572e+03 2.35748e+03 3.33411e+03 3.58355e+03 1.03760e+04 6.30000e+03
 3.69521e+03 1.43000e+04 1.80000e+03 4.56472e+03 5.15357e+03 9.50000e+02
 1.56233e+04 5.13450e+03 7.00985e+03 2.60330e+03 8.37646e+03 4.71210e+02
 1.94000e+04 3.37990e+02 1.42607e+04 1.37540e+02 4.65939e+03 5.04460e+03
 3.77639e+03 7.49999e+03 2.08250e+04 1.31500e+04 3.96843e+03 1.35811e+03
 1.19982e+03 6.99999e+03 8.32405e+03 3.25100e+02 1.96000e+04 2.80000e+03
 1.38127e+03 2.80584e+03 6.65000e+03 1.50898e+04 2.24113e+03 4.95094e+03
 7.19997e+03 1.71651e+03 8.60000e+03 4.34086e+03 1.99472e+03 1.39250e+04
 7.49997e+03 9.20570e+02 2.14856e+03 2.43942e+03 1.16378e+04 3.97599e+03
 2.24992e+03 6.15000e+03 5.87500e+03 6.22202e+03 6.97500e+03 5.04680e+02
 5.02965e+03 1.07283e+03 3.01276e+03 4.57830e+02 6.42742e+03 4.32988e+03
 1.14000e+04 3.15296e+03 1.39959e+03 8.35110e+03 1.74402e+03 8.73557e+03
 9.90000e+03 1.97892e+03 3.99999e+03 3.00380e+03 7.00000e+02 4.32500e+03
 1.92973e+03 6.87500e+03 4.51669e+03 1.88250e+04 5.77500e+03 6.50000e+03
 1.81750e+04 3.51820e+02 1.87701e+03 3.64993e+03 5.47379e+03 8.35000e+03
 5.59999e+03 1.86000e+04 4.20000e+03 3.15916e+03 3.11190e+02 2.14339e+03
 1.47000e+04 7.25000e+02 9.77500e+03 1.94349e+03 2.24500e+04 4.71694e+03
 6.34999e+03 8.94999e+03 1.56318e+03 3.10895e+03 1.04750e+04 1.13500e+04
 3.55451e+03 2.65389e+03 7.67189e+03 7.31293e+03 4.69999e+03 6.79931e+03
 2.30884e+03 3.25000e+03 4.60450e+02 1.25300e+03 5.90500e+02 1.90562e+03
 4.49999e+03 4.07496e+03 3.30000e+03 2.08531e+03 3.29539e+03 2.92190e+02
 4.07500e+03 5.70000e+03 8.57900e+02 2.37437e+03 1.23502e+03 6.20000e+03
 2.33901e+03 8.87680e+02 3.65482e+03 2.99999e+03 3.67970e+02 3.41530e+03
 9.27498e+03 2.23448e+03 8.49999e+03 3.29830e+03 5.20490e+02 4.08315e+03
 3.97499e+03 1.33812e+03 9.59998e+03 1.74244e+03 6.39998e+03 6.39997e+03
 5.59998e+03 4.03984e+03 1.62398e+03 9.12500e+03 3.59998e+03 1.46268e+03
 5.84409e+03 5.99998e+03 3.77080e+02 2.21254e+03 2.34382e+03 2.24020e+02
 7.49600e+02 4.55000e+03 3.49878e+03 4.33140e+02 3.52498e+03 9.25000e+03
 3.61514e+03 4.30000e+03 6.25000e+03 2.12500e+03 2.20001e+03 1.70090e+03
 4.77800e+01 3.71180e+02 2.29998e+03 4.27500e+03 4.37500e+03 2.54015e+03
 1.71968e+03 2.54430e+02 2.73883e+03 5.49997e+03 5.17500e+03 2.60898e+03
 4.35190e+02 3.05000e+03 6.99997e+03 7.26750e+02 1.06694e+03 4.87498e+03
 1.84400e+03 4.57496e+03 4.36130e+02 3.10000e+03 3.19997e+03 1.79998e+03
 1.58340e+03 3.59999e+03 5.47499e+03 5.10913e+03 5.12499e+03 2.81478e+03
 3.65000e+03 3.14486e+03 3.12500e+03 3.70424e+03 2.74999e+03 9.38170e+02
 1.75000e+03 5.07500e+03 1.80320e+02 5.79491e+03 1.50080e+02 4.99998e+03
 4.72500e+03 4.57563e+03 1.69999e+03 4.97499e+03 5.07499e+03 1.17500e+03
 4.45298e+03 5.04996e+03 2.38125e+03 4.90000e+03 1.40000e+03 5.23331e+03
 4.88400e+02 3.99998e+03 2.24142e+03 7.25970e+02 1.80209e+03 2.54547e+03
 9.67750e+02 6.70000e+03 7.49998e+03 1.99978e+03 6.49998e+03 3.67740e+03
 1.99999e+03 4.00001e+03 6.44140e+02 1.25119e+03 7.30000e+03 9.86530e+02
 2.23620e+02 7.00001e+03 2.39999e+03 4.52450e+03 1.92499e+03 6.49999e+03
 1.48863e+03 4.47500e+03 4.66459e+03 8.76280e+02 2.20762e+03 1.82360e+02
 5.88893e+03 1.54752e+03 1.19999e+03 1.04029e+03 1.49999e+03 2.63330e+02
 5.22500e+03 6.25001e+03 5.49999e+03 2.62154e+03 1.09405e+03 3.02499e+03
 5.60001e+03 2.69191e+03 3.40000e+03 3.92500e+03 5.85000e+03 8.88490e+02
 1.74190e+02 1.82500e+03 5.12961e+03 5.75000e+03 1.07107e+03 5.89999e+03
 2.25000e+03 2.36800e+01 6.07500e+03 4.25000e+03 1.03122e+03 4.23610e+02
 2.71848e+03 3.59920e+03 2.46812e+03 3.32926e+03 6.85000e+03 2.45975e+03
 4.49210e+02 5.30000e+03 9.46880e+02 5.14820e+02 2.83492e+03 4.10000e+03
 1.35500e+02 1.52988e+03 8.82560e+02 8.46900e+02 5.84999e+03 4.95000e+03
 5.79998e+03 3.74124e+03 4.79999e+03 1.56438e+03 1.57327e+03 2.49999e+03
 6.77970e+03 1.17350e+02 1.00001e+03 3.95915e+03 6.79999e+03 3.68539e+03
 8.79999e+03 2.93277e+03 3.76792e+03 3.50001e+03 7.74999e+03 2.75000e+03
 4.73821e+03 5.63742e+03 1.60912e+03 1.10000e+03 1.41250e+04 4.80720e+02
 5.06545e+03 7.44999e+03 6.40001e+03 1.05000e+03 3.59462e+03 4.45000e+03
 1.17356e+03 4.40000e+03 7.39999e+03 1.55000e+03 4.82500e+03 2.91600e+02
 1.57330e+02 5.35000e+03 5.05000e+03 7.10000e+03 3.39999e+03 5.02500e+03
 4.40001e+03 5.42500e+03 2.19181e+03 7.05000e+03 7.77440e+02 2.22500e+03
 3.72500e+03 2.17728e+03 4.13492e+03 5.00001e+03 4.29999e+03 2.65000e+03
 4.89999e+03 1.72938e+03 1.37500e+03 1.32112e+03 1.19336e+03 2.37500e+03
 5.57500e+03 5.67499e+03 6.52500e+03 5.79999e+03 5.89660e+02 3.37500e+03
 5.67500e+03 5.55000e+03 4.97500e+03 5.66580e+02 6.27500e+03 5.90000e+03
 2.15000e+03 8.15300e+02 1.63447e+03 2.32372e+03 1.79609e+03 1.42161e+03
 4.82501e+03 2.79629e+03 3.05749e+03 1.43060e+03 1.22500e+03 1.47500e+03
 6.47499e+03 6.77500e+03 5.77501e+03 4.20001e+03 6.95000e+03 1.02192e+03
 4.87500e+03 2.87499e+03 4.75000e+03 1.97243e+03 6.55000e+03 2.17303e+03
 6.10000e+03 2.19380e+02 1.72442e+03 8.38030e+02 1.58295e+03 1.77500e+03
 4.19999e+03 3.47340e+02 4.41988e+03 2.57060e+03 5.15000e+03 2.44084e+03
 2.52585e+03 4.77500e+03 2.26632e+03 1.28572e+03 2.41248e+03 1.12500e+04
 2.41238e+03 1.04548e+04 4.82702e+03 1.59750e+04 8.20000e+03 8.00001e+03
 4.62033e+03 1.55000e+04 2.95760e+03 1.44811e+03 6.13114e+03 8.49998e+03
 1.40517e+03 9.92499e+03 5.86690e+03 9.47305e+03 3.32655e+03 2.43984e+03
 1.02250e+04 4.43630e+03 5.95849e+03 3.24999e+03 2.30000e+04 3.90000e+03
 7.55000e+03 2.24715e+03 3.03027e+03 7.35710e+02 1.67500e+04 7.99998e+03
 8.49497e+03 9.00001e+03 1.73055e+03 1.19731e+03 9.45000e+03 2.56370e+03
 9.99998e+03 1.50001e+03 8.30000e+03 5.37500e+03 8.74997e+03 3.13734e+03
 9.97500e+03 1.22470e+03 2.33313e+03 1.42000e+04 1.83838e+03 1.98027e+03
 1.92968e+03 2.26670e+03 1.18436e+04 3.96915e+03 6.42338e+03 7.25000e+03
 1.18479e+04 1.02382e+04 8.58770e+02 3.00001e+03 1.30750e+04 3.79056e+03
 1.84000e+04 1.52750e+04 1.52874e+03 5.32500e+03 5.21459e+03 2.49500e+04
 2.31046e+03 1.98527e+03 1.15750e+04 3.02361e+03 2.61970e+02 1.17750e+04
 2.82853e+03 1.14750e+04 1.02000e+04 1.42779e+03 9.72500e+03 1.48000e+04
 9.51070e+02 6.75311e+03 1.59000e+04 2.92060e+02 1.91430e+02 4.47965e+03
 1.50979e+03 1.75250e+04 1.82000e+04 2.61741e+03 6.94999e+03 2.04750e+04
 2.46530e+03 3.90983e+03 4.95360e+02 5.49998e+03 2.31122e+03 2.78850e+02
 4.48985e+03 7.35000e+03 2.73679e+03 4.82014e+03 1.66500e+04 6.14999e+03
 4.82970e+02 1.76000e+04 4.36010e+02 8.19998e+03 1.07500e+04 2.79999e+03
 1.26000e+04 2.11943e+03 7.37500e+03 5.46100e+01 1.35797e+03 6.52499e+03
 3.66803e+03 2.37500e+04 1.12430e+03 2.45815e+03 3.90664e+03 1.22113e+04
 7.12695e+03 2.46160e+03 1.86212e+03 2.93633e+03 7.40617e+03 2.58503e+03
 1.05372e+03 2.87629e+03 1.43426e+03 7.47500e+03 1.25000e+03 1.77614e+03
 1.15000e+03 1.12764e+03 7.88017e+03 4.27460e+03 1.19526e+03 1.52500e+03
 1.88000e+04 1.34745e+03 4.66168e+03]"
next_pymnt_d,"['20100401T000000' nan '20090601T000000' '20090801T000000'
 '20101001T000000' '20090701T000000' '20111001T000000' '20100301T000000'
 '20110701T000000' '20110501T000000' '20110601T000000' '20110101T000000'
 '20091101T000000' '20080201T000000' '20090501T000000' '20100201T000000'
 '20110201T000000' '20091201T000000' '20110301T000000' '20091001T000000'
 '20100101T000000' '20090101T000000' '20081201T000000' '20090301T000000'
 '20100501T000000' '20101201T000000' '20100901T000000' '20100801T000000'
 '20100701T000000' '20080801T000000' '20101101T000000' '20080501T000000'
 '20090901T000000' '20080701T000000' '20100601T000000' '20090201T000000'
 '20110801T000000' '20130401T000000' '20081101T000000' '20110401T000000'
 '20081001T000000' '20080401T000000' '20080901T000000' '20090401T000000'
 '20110901T000000' '20111201T000000' '20080601T000000' '20111101T000000'
 '20120101T000000' '20120201T000000']"
is_inc_v,['Not Verified' 'Verified' 'Source Verified']
inactive_loans,[1]
last_delinq_none,[1 0]
not_compliant,[1 0]
status,['Fully Paid' 'Charged Off']
total_pymnt_inv,[   0.    684.85  571.22 ... 4160.54 1016.61 7224.79]
final_d,"['20110701T000000' '20110501T000000' '20110401T000000' '20110301T000000'
 '20110601T000000' '20110901T000000' '20111201T000000' '20110801T000000'
 '20110101T000000' '20110201T000000' '20111101T000000' '20111001T000000']"
last_pymnt_d,"['20100301T000000' '20110601T000000' '20081001T000000' '20110401T000000'
 '20081201T000000' '20100501T000000' '20090201T000000' '20110501T000000'
 '20110901T000000' '20120101T000000' '20091001T000000' '20110301T000000'
 '20100901T000000' '20110801T000000' '20110101T000000' '20090601T000000'
 '20080201T000000' '20090501T000000' '20101101T000000' '20090401T000000'
 '20081101T000000' '20100701T000000' '20091201T000000' '20100101T000000'
 '20080901T000000' '20110201T000000' '20101201T000000' '20090701T000000'
 '20080501T000000' '20101001T000000' '20100201T000000' '20090801T000000'
 '20100601T000000' '20080801T000000' '20080601T000000' '20080701T000000'
 '20100801T000000' '20100401T000000' '20080301T000000' '20090301T000000'
 '20091101T000000' '20080401T000000' '20121001T000000' '20090101T000000'
 '20090901T000000' '20111001T000000' '20110701T000000' '20111201T000000'
 '20130301T000000' nan '20120401T000000' '20120901T000000'
 '20111101T000000' '20120301T000000' '20130101T000000' '20120201T000000']"
last_record_none,[1 0]
sub_grade,"['F2' 'B5' 'B3' 'F3' 'E3' 'C2' 'D4' 'C4' 'D3' 'A5' 'F5' 'C1' 'D2' 'B4'
 'E4' 'A3' 'C5' 'D5' 'F4' 'E2' 'F1' 'A4' 'B2' 'E1' 'G2' 'A1' 'G3' 'B1'
 'A2' 'C3' 'D1' 'E5' 'G4' 'G5' 'G1']"
grade_num,[1 5 2 4 3 6 0]
collections_12_mths_zero,[1]
pymnt_plan,['n']
purpose,"['debt_consolidation' 'credit_card' 'other' 'home_improvement'
 'major_purchase' 'moving' 'medical' 'small_business' 'wedding' 'car'
 'house' 'vacation']"
short_emp,[1 0]
recoveries,"[0.00000e+00 1.33210e+02 1.73040e+02 6.12800e+01 6.13950e+02 7.70520e+02
 2.92500e+02 2.80530e+02 3.51210e+02 2.32560e+02 4.05500e+01 1.72960e+02
 3.22410e+02 1.51200e+02 5.46300e+01 1.10480e+02 2.12120e+02 1.39580e+02
 6.52653e+02 1.95300e+01 6.18740e+02 5.30690e+02 3.02560e+02 8.60200e+01
 7.29570e+02 1.19997e+04 2.58290e+02 1.03440e+02 1.49570e+02 4.81700e+01
 1.45166e+03 1.64100e+01 1.88416e+03 2.95540e+02 7.51200e+01 4.56300e+01
 1.22872e+03 2.11236e+03 5.00030e+02 2.70226e+03 7.56820e+02 4.26010e+02
 7.75234e+03 1.03255e+03 4.53960e+02 4.08770e+02 2.21900e+01 4.36270e+02
 4.60890e+02 3.85140e+02 5.52250e+02 1.99610e+02 1.73645e+03 4.09680e+02
 4.65300e+01 7.49840e+02 3.84320e+02 6.16700e+01 4.26430e+02 1.47602e+03
 1.23820e+02 3.87090e+02 5.30330e+02 1.60800e+01 1.07464e+03 4.36280e+02
 2.42270e+03 1.10810e+02 7.75020e+02 2.09360e+02 4.44103e+03 1.57220e+02
 1.09240e+02 9.73370e+02 2.77900e+02 6.48200e+02 4.75720e+02 1.73500e+01
 1.35830e+02 2.35290e+02 4.25650e+02 5.00860e+02 3.54280e+02 1.75480e+02
 1.45181e+03 6.20640e+02 5.71970e+02 1.06700e+01 2.31110e+02 2.90700e+02
 1.51754e+03 5.61500e+01 1.37830e+02 1.76100e+02 1.30080e+02 1.94700e+01
 2.02700e+02 2.82680e+02 1.05100e+01 4.54990e+02 5.47670e+02 2.56360e+02
 5.25970e+02 1.00000e+01 1.21530e+02 4.63365e+03 1.96300e+02 2.20560e+02
 1.49100e+04 1.30270e+02 2.80085e+03 1.08400e+01 7.04858e+03 1.30600e+01
 1.72570e+02 1.46530e+02 2.05530e+02 3.62200e+01 2.25590e+02 3.41300e+01
 3.91033e+03 2.41410e+02 1.08600e+01 1.37800e+01 1.25700e+01 1.22000e+01
 3.17060e+02 4.30140e+02 1.60351e+03 1.70960e+02 8.36000e+00 3.27990e+02
 2.40000e+01 2.55900e+01 1.89300e+01 3.09170e+02 2.03190e+02 1.06600e+01
 1.50440e+02 6.82057e+03 1.44419e+03 1.21300e+01 1.37600e+03 1.85200e+01
 9.41500e+01 1.89832e+03 1.76545e+03 1.66400e+01 1.97290e+02 1.51000e+01
 9.33220e+02 1.47900e+02 1.73530e+02 1.70800e+01 4.06455e+03 8.01100e+01
 1.34030e+02 1.94883e+03 2.00020e+02 1.84860e+02 2.40068e+03 5.82580e+02
 3.10029e+03 3.47000e+01 1.77970e+02 6.37500e+01 1.37520e+02 1.44000e+01
 8.19100e+01 7.69800e+01 2.81230e+02 1.31550e+02 1.43200e+01 7.97600e+01
 1.13130e+02 8.01500e+01 1.02030e+02 1.83910e+02 5.73153e+03 1.72000e+02
 5.49300e+01 1.27820e+02 2.30670e+02 1.71790e+02 2.67860e+02 1.45660e+02
 1.76300e+01 2.75400e+02 2.73330e+02 4.41000e+01 9.34600e+01 1.38480e+02
 1.47830e+02 1.75700e+02 9.34200e+01 4.74000e+01 1.36400e+01 2.09930e+02
 1.28900e+02 2.46230e+02 1.50240e+02 2.05520e+02 3.70450e+02 1.37100e+01
 4.21320e+02 6.84001e+03 4.22420e+02 8.02800e+01 4.15520e+02 2.03100e+02
 1.83520e+02 6.72728e+03 2.41620e+02 1.94920e+02 2.73740e+02 1.48113e+03
 1.00150e+02 3.52100e+01 2.16000e+02 8.10700e+01 1.17190e+02 9.87000e+00
 2.15430e+02 3.21640e+02 9.04340e+02 5.92590e+02 3.76486e+02 3.10274e+03
 2.00175e+03 2.58160e+02 6.36270e+02 1.02770e+03 1.01320e+02 9.77000e+00
 3.66500e+02 1.97600e+02 4.03360e+02 1.71160e+02 9.71600e+01 1.26080e+02
 1.19540e+02 7.69320e+02 6.67200e+01 4.59140e+02 1.47600e+01 1.85700e+01
 1.22210e+02 1.82680e+02 1.23100e+02 1.99600e+02 3.95730e+02 2.93090e+02
 2.57590e+02 5.11480e+02 6.12700e+01 3.90650e+02 4.00950e+02 4.30861e+03
 1.20400e+01 4.12564e+03 1.04800e+01 1.55180e+02 3.83830e+02 9.95800e+01
 1.13966e+04 2.92960e+02 3.05857e+02 2.24770e+02 2.90800e+01]"
last_credit_pull_d,"['20100301T000000' '20120801T000000' '20090601T000000' '20140301T000000'
 '20090801T000000' '20141201T000000' '20090701T000000' '20130601T000000'
 '20110901T000000' '20111201T000000' '20110601T000000' '20100901T000000'
 '20150201T000000' '20131201T000000' '20110501T000000' '20110301T000000'
 '20110401T000000' '20110801T000000' '20110101T000000' '20091101T000000'
 '20101201T000000' '20091001T000000' '20090401T000000' '20140701T000000'
 '20141101T000000' '20130301T000000' '20091201T000000' '20140201T000000'
 '20111101T000000' '20120701T000000' '20140401T000000' '20100501T000000'
 '20120601T000000' '20090101T000000' '20101001T000000' '20100201T000000'
 '20100601T000000' '20100801T000000' '20081001T000000' '20101101T000000'
 '20080801T000000' '20071201T000000' '20121201T000000' '20131101T000000'
 '20090201T000000' '20110201T000000' '20100701T000000' '20110701T000000'
 '20140901T000000' '20130501T000000' '20120901T000000' '20121101T000000'
 '20141001T000000' '20081201T000000' '20090501T000000' '20140801T000000'
 '20130201T000000' '20121001T000000' '20080101T000000' '20090901T000000'
 '20140101T000000' '20100101T000000' '20100401T000000' '20120401T000000'
 '20120201T000000' '20090301T000000' '20150101T000000' '20120301T000000'
 '20080901T000000' '20140501T000000' '20130101T000000' '20080201T000000'
 '20130901T000000' '20140601T000000' '20130801T000000' '20130701T000000'
 '20111001T000000' '20131001T000000' '20130401T000000' '20080301T000000'
 '20070801T000000' '20120501T000000' '20120101T000000' '20080501T000000'
 '20080601T000000']"
desc,"['Looking to sure up a few debts for consolidation, this will close out a couple credit card debts.  Not looking for a ton of money, just got a raise in my current fulltime job, to help pay.'
 'Just want to pay off the last bit of credit card debt at a better rate.'
 ""I need to payoff my highest rate credit card debt with a lower interest loan.   I want to payoff as much as possible and then close the CC accounts.  I know that closing the CC accounts may hurt my FICO a little in the short run, but I want to close them nevertheless.  Purpose of loan: Payoff highest-rate credit card debt, which is currently 28-31.5%.  Getting another loan with a lower interest rate will improve my monthly cashflow.  My progress:  Today I have 14 credit lines with a revolving credit balance of 150K and utilization of 99% (result of recently paying down 2 CC accounts anc closing them).   My financial situation:  I have accumulated too much credit card debt and continue to work to pay it all off.  I have a perfect payback history: no missed payments or delinquent accounts.  My payback history in my credit files is perfect, but I have let some credit card rates get too high by some inattention on my part.  I opened some credit cards with low introductory rates on balance transfers but because I was late on a couple of the payments by literally 1-3 days, the credit card companies jacked up the rates.  Those initial low interest rate offers (e.g., 0 to 3.99% for 12 months) for balance transfers were tempting, but came back to haunt me.  My credit rating/score looks poor becasue of my high percent of borrowing vs. limit.  I\\'ve always paid back and will continue to.  I have no delinquencies or negatives on my credit reports and I\\'m committed to it staying that way.  Any form of negative mark on my credit report is not an option for me.  If my loan is funded, I will immediately pay down my highest interest debt .  I\\'m fortunate to be in a situation where I\\'m earning a good income, but need to get my high-rate credit card debt eliminated in the short term, and continue to work to be free of all credit card debt in the next 3-4 years.  Respectfully requesting your help.  Monthly net income:  $ 9,500.00  Monthly expenses: $    Housing: $ 4000   Insurance: $ 200   Car expenses: $ 1000   Utilities: $ 200   Phone, cable, internet: $ 200   Food, entertainment: $ 400   Clothing, household expenses $ 150   Credit cards and other loans: $ 2500   Other expenses: $ 350 ""
 ...
 'I am attempting to consolidate credit card debt to a loan with more attractive terms than what credit card banks are offering.  '
 ""  My husband took out loans with predatory lenders.  When I discovered the loans we changed the way we live and have slowly been rebuilding our financial lives.  The last remaining loan is with Beneficial and has a APR of 28.9%.  Although we are making the minimum payments the balance is not going down.  We have committed ourselves to living within our means and my credit score, which is in the 700\\'s reflects this commitment but to truely get out from under we need to refinance this last remaining loan. ""
 'Bought a new house in Georgia, selling our house in Connecticut. What we  owe is more than buyout offer we are getting as part of relocation package. This loan will enable us to close/sell on old house.']"
policy_code,[1]
term,[' 36 months']
revol_bal,[ 10125  33623 150971 ... 141532   1076  13739]
total_rec_int,[ 207.77 1215.45  448.19 ... 2046.6  1272.08 3394.51]
installment,[ 35.2  228.22 246.38 ... 470.66 504.27 282.63]
url,"['https://www.lendingclub.com/browse/loanDetail.action?loan_id=55521'
 'https://www.lendingclub.com/browse/loanDetail.action?loan_id=55742'
 'https://www.lendingclub.com/browse/loanDetail.action?loan_id=56413' ...
 'https://www.lendingclub.com/browse/loanDetail.action?loan_id=369701'
 'https://www.lendingclub.com/browse/loanDetail.action?loan_id=369713'
 'https://www.lendingclub.com/browse/loanDetail.action?loan_id=369725']"
last_major_derog_none,[1]
sub_grade_num,[0.4 1.  0.6 0.8 0.2]
revol_util,"[9.04000e+01 7.67000e+01 9.23000e+01 7.32000e+01 5.85000e+01 5.26000e+01
 6.40000e+01 5.11000e+01 1.26000e+01 7.10000e+01 1.82000e+01 7.73000e+01
 4.46000e+01 5.45000e+01 5.34000e+01 8.84000e+01 5.98000e+01 8.44000e+01
 2.32000e+01 8.01000e+01 6.39000e+01 2.71000e+01 2.76000e+01 5.77000e+01
 9.78000e+01 6.42000e+01 5.81000e+01 6.55000e+01 1.21000e+01 4.66000e+01
 1.46000e+01 1.02700e+02 9.68000e+01 4.36000e+01 5.68000e+01 9.63000e+01
 6.30000e+01 4.27000e+01 4.52000e+01 7.81000e+01 6.52000e+01 3.95000e+01
 5.58000e+01 5.20000e+01 7.09000e+01 6.46000e+01 2.97000e+01 5.08000e+01
 4.16000e+01 0.00000e+00 7.33000e+01 6.41000e+01 4.38000e+01 8.20000e+00
 1.00600e+02 8.43000e+01 1.45000e+01 2.17000e+01 1.30000e+01 9.80000e+00
 4.00000e+00 2.87000e+01 7.52000e+01 2.55000e+01 8.55000e+01 4.60000e+00
 3.81000e+01 1.16000e+01 4.58000e+01 4.83000e+01 8.59000e+01 2.98000e+01
 3.42000e+01 2.88000e+01 9.40000e+00 1.10000e+00 8.06000e+01 4.80000e+00
 3.72000e+01 3.52000e+01 3.20000e+00 1.89000e+01 1.17000e+01 4.74000e+01
 3.32000e+01 1.83000e+01 1.42000e+01 2.53000e+01 4.21000e+01 9.27000e+01
 8.30000e+01 9.20000e+01 4.41000e+01 5.62000e+01 8.96000e+01 8.61000e+01
 8.25000e+01 8.41000e+01 1.36000e+01 3.53000e+01 1.40000e+01 3.44000e+01
 2.84000e+01 5.06000e+01 2.10000e+01 4.60000e+01 8.18000e+01 7.50000e+00
 5.40000e+00 6.20000e+01 5.18000e+01 8.71000e+01 7.34000e+01 2.29000e+01
 2.95000e+01 1.91000e+01 5.52000e+01 1.55000e+01 6.07000e+01 4.42000e+01
 4.55000e+01 4.07000e+01 3.06000e+01 6.45000e+01 7.98000e+01 6.28000e+01
 1.60000e+00 8.02000e+01 4.69000e+01 4.11000e+01 2.66000e+01 6.57000e+01
 1.03100e+02 6.95000e+01 9.06000e+01 9.30000e+01 2.58000e+01 9.51000e+01
 4.04000e+01 2.77000e+01 6.85000e+01 1.24000e+01 4.71000e+01 4.24000e+01
 3.38000e+01 9.60000e+01 9.50000e+01 1.43000e+01 3.70000e+01 3.47000e+01
 3.90000e+01 3.26000e+01 1.94000e+01 7.26000e+01 5.07000e+01 7.51000e+01
 4.94000e+01 4.00000e-01 3.33000e+01 8.07000e+01 7.27000e+01 7.17000e+01
 1.37000e+01 6.44000e+01 3.75000e+01 6.63000e+01 2.04000e+01 9.34000e+01
 9.10000e+01 2.65000e+01 1.93000e+01 2.60000e+00 2.86000e+01 7.66000e+01
 5.01000e+01 3.86000e+01 5.17000e+01 5.21000e+01 4.23000e+01 2.00000e-01
 1.18000e+01 6.84000e+01 3.30000e+01 4.86000e+01 6.34000e+01 6.40000e+00
 8.98000e+01 2.47000e+01 7.37000e+01 9.07000e+01 8.09000e+01 1.90000e+01
 8.93000e+01 8.88000e+01 3.08000e+01 8.85000e+01 4.03000e+01 7.01000e+01
 3.79000e+01 1.65000e+01 9.80000e+01 5.05000e+01 3.94000e+01 6.13000e+01
 9.88000e+01 9.38000e+01 7.00000e+01 5.66000e+01 4.87000e+01 3.41000e+01
 8.53000e+01 7.56000e+01 8.10000e+01 9.22000e+01 8.23000e+01 5.28000e+01
 1.80000e+01 1.10000e+01 5.14000e+01 1.90000e+00 5.74000e+01 7.18000e+01
 6.54000e+01 1.03000e+01 5.90000e+00 8.87000e+01 7.04000e+01 8.19000e+01
 1.06500e+02 3.71000e+01 8.00000e+01 8.73000e+01 5.61000e+01 8.03000e+01
 8.70000e+00 4.61000e+01 8.51000e+01 8.82000e+01 1.44000e+01 7.70000e+01
 5.96000e+01 7.64000e+01 6.60000e+01 5.92000e+01 7.74000e+01 1.01400e+02
 6.06000e+01 7.95000e+01 2.56000e+01 9.10000e+00 1.08000e+01 8.74000e+01
 2.07000e+01 3.19000e+01 1.20000e+00 2.30000e+00 7.96000e+01 2.39000e+01
 9.84000e+01 6.51000e+01 9.85000e+01 1.05200e+02 8.36000e+01 3.55000e+01
 8.29000e+01 5.46000e+01 3.97000e+01 6.26000e+01 1.28000e+01 9.87000e+01
 6.73000e+01 5.30000e+00 2.10000e+00 8.11000e+01 3.01000e+01 4.54000e+01
 8.48000e+01 3.45000e+01 1.11000e+01 6.10000e+00 1.59000e+01 9.42000e+01
 5.69000e+01 1.49000e+01 8.72000e+01 1.02000e+01 1.86000e+01 4.80000e+01
 1.00000e+02 7.85000e+01 5.43000e+01 3.68000e+01 6.35000e+01 5.75000e+01
 5.48000e+01 6.81000e+01 1.68000e+01 3.11000e+01 3.96000e+01 2.80000e+01
 7.00000e-01 5.64000e+01 6.17000e+01 4.59000e+01 1.81000e+01 3.70000e+00
 4.65000e+01 7.60000e+00 1.63000e+01 5.99000e+01 3.16000e+01 5.29000e+01
 3.10000e+01 4.99000e+01 8.31000e+01 1.51000e+01 9.40000e+01 5.89000e+01
 3.00000e-01 7.87000e+01 2.40000e+01 7.05000e+01 9.43000e+01 7.84000e+01
 9.81000e+01 3.92000e+01 6.38000e+01 4.90000e+01 7.15000e+01 4.97000e+01
 5.60000e+01 3.76000e+01 1.05000e+01 3.59000e+01 7.40000e+01 6.53000e+01
 5.72000e+01 8.38000e+01 3.60000e+01 5.19000e+01 5.54000e+01 1.00700e+02
 9.24000e+01 7.80000e+00 4.85000e+01 1.56000e+01 1.31000e+01 1.76000e+01
 9.39000e+01 5.24000e+01 2.80000e+00 6.00000e+01 5.97000e+01 9.77000e+01
 2.33000e+01 3.50000e+00 6.03000e+01 3.28000e+01 8.34000e+01 5.35000e+01
 8.10000e+00 8.99000e+01 7.61000e+01 8.70000e+01 8.45000e+01 3.05000e+01
 7.75000e+01 4.09000e+01 4.75000e+01 3.09000e+01 6.47000e+01 3.83000e+01
 1.50000e+00 3.74000e+01 2.43000e+01 3.35000e+01 5.93000e+01 1.13000e+01
 4.51000e+01 5.47000e+01 3.91000e+01 8.49000e+01 5.20000e+00 4.57000e+01
 3.40000e+01 9.05000e+01 5.36000e+01 7.03000e+01 2.24000e+01 9.18000e+01
 1.70000e+01 9.46000e+01 8.46000e+01 6.67000e+01 4.79000e+01 8.40000e+01
 9.20000e+00 3.31000e+01 7.90000e+00 4.34000e+01 2.54000e+01 2.82000e+01
 8.14000e+01 8.30000e+00 9.31000e+01 6.50000e+01 5.86000e+01 9.36000e+01
 6.24000e+01 8.68000e+01 2.15000e+01 1.03900e+02 2.73000e+01 4.67000e+01
 4.47000e+01 6.37000e+01 7.80000e+01 8.80000e+00 3.23000e+01 9.13000e+01
 7.79000e+01 9.02000e+01 1.79000e+01 2.48000e+01 5.27000e+01 3.98000e+01
 5.80000e+00 7.31000e+01 4.06000e+01 6.43000e+01 6.33000e+01 1.58000e+01
 7.14000e+01 2.34000e+01 8.80000e+01 5.50000e+01 7.43000e+01 3.30000e+00
 7.53000e+01 6.77000e+01 4.62000e+01 9.57000e+01 7.08000e+01 6.00000e-01
 9.69000e+01 8.91000e+01 2.90000e+00 4.33000e+01 9.32000e+01 1.48000e+01
 5.67000e+01 7.20000e+01 9.83000e+01 4.01000e+01 1.61000e+01 3.29000e+01
 3.34000e+01 6.66000e+01 5.41000e+01 4.31000e+01 6.04000e+01 8.00000e-01
 4.91000e+01 4.10000e+01 8.21000e+01 7.10000e+00 7.78000e+01 6.97000e+01
 2.51000e+01 4.17000e+01 5.80000e+01 4.15000e+01 7.94000e+01 1.70000e+00
 8.65000e+01 6.68000e+01 7.70000e+00 4.43000e+01 2.70000e+00 1.77000e+01
 6.05000e+01 2.31000e+01 5.09000e+01 5.42000e+01 2.00000e+01 7.02000e+01
 4.78000e+01 7.54000e+01 4.48000e+01 1.02800e+02 9.58000e+01 7.13000e+01
 7.60000e+01 4.20000e+01 2.62000e+01 6.65000e+01 6.58000e+01 2.94000e+01
 6.29000e+01 6.09000e+01 9.96000e+01 7.86000e+01 8.90000e+00 5.79000e+01
 4.77000e+01 5.71000e+01 3.49000e+01 3.50000e+01 5.49000e+01 7.77000e+01
 3.48000e+01 3.00000e+00 6.92000e+01 5.00000e+01 3.84000e+01 2.30000e+01
 7.29000e+01 6.83000e+01 3.02000e+01 7.93000e+01 9.67000e+01 9.90000e+00
 7.12000e+01 1.98000e+01 7.91000e+01 6.15000e+01 2.96000e+01 3.93000e+01
 1.53000e+01 7.89000e+01 3.89000e+01 2.85000e+01 2.69000e+01 4.08000e+01
 7.39000e+01 8.28000e+01 4.05000e+01 5.82000e+01 3.46000e+01 5.91000e+01
 4.56000e+01 1.71000e+01 6.50000e+00 9.44000e+01 3.57000e+01 5.90000e+01
 6.89000e+01 1.74000e+01 2.60000e+01 6.82000e+01 8.20000e+01 6.90000e+00
 5.44000e+01 8.16000e+01 1.88000e+01 8.64000e+01 3.88000e+01 5.70000e+01
 8.63000e+01 2.49000e+01 5.31000e+01 6.32000e+01 1.00500e+02 2.67000e+01
 4.68000e+01 1.64000e+01 4.35000e+01 5.61769e+01 1.84000e+01 5.38000e+01
 2.81000e+01 5.51000e+01 1.34000e+01 3.10000e+00 9.72000e+01 5.59000e+01
 1.41000e+01 9.92000e+01 5.22000e+01 1.09000e+01 8.24000e+01 9.49000e+01
 8.37000e+01 7.69000e+01 8.08000e+01 9.11000e+01 9.91000e+01 4.70000e+00
 8.40000e+00 6.12000e+01 9.60000e+00 6.22000e+01 7.58000e+01 8.90000e+01
 4.73000e+01 2.37000e+01 7.30000e+00 1.92000e+01 1.12000e+01 3.80000e+00
 6.56000e+01 7.20000e+00 9.66000e+01 6.90000e+01 1.67000e+01 9.90000e+01
 7.19000e+01 1.07000e+01 2.63000e+01 2.20000e+01 6.02000e+01 5.65000e+01
 1.69000e+01 1.87000e+01 5.95000e+01 8.81000e+01 7.68000e+01 9.35000e+01
 8.97000e+01 3.21000e+01 6.14000e+01 9.03000e+01 1.06200e+02 7.24000e+01
 1.40000e+00 1.14000e+01 6.23000e+01 6.62000e+01 4.72000e+01 8.00000e+00
 9.61000e+01 2.44000e+01 9.82000e+01 2.28000e+01 7.36000e+01 7.71000e+01
 3.20000e+01 7.00000e+00 5.10000e+01 8.27000e+01 8.32000e+01 7.38000e+01
 7.59000e+01 3.54000e+01 6.16000e+01 6.80000e+01 7.72000e+01 2.89000e+01
 8.12000e+01 7.47000e+01 8.79000e+01 8.86000e+01 2.50000e+01 3.82000e+01
 9.37000e+01 9.76000e+01 8.13000e+01 4.28000e+01 2.00000e+00 3.36000e+01
 7.44000e+01 8.62000e+01 2.64000e+01 8.33000e+01 2.06000e+01 5.00000e+00
 5.60000e+00 6.08000e+01 3.78000e+01 5.15000e+01 8.22000e+01 1.00000e+00
 2.40000e+00 3.60000e+00 8.95000e+01 9.29000e+01 8.54000e+01 4.93000e+01
 1.95000e+01 4.30000e+01 6.71000e+01 6.99000e+01 4.89000e+01 6.69000e+01
 5.55000e+01 5.10000e+00 4.14000e+01 8.78000e+01 7.06000e+01 1.20000e+01
 9.52000e+01 8.94000e+01 1.75000e+01 8.77000e+01 7.16000e+01 9.62000e+01
 4.53000e+01 9.74000e+01 9.97000e+01 2.03000e+01 2.70000e+01 3.62000e+01
 3.18000e+01 8.58000e+01 3.07000e+01 5.39000e+01 4.76000e+01 1.06100e+02
 1.08800e+02 5.94000e+01 4.40000e+00 3.27000e+01 9.45000e+01 7.23000e+01
 7.90000e+01 3.12000e+01 8.60000e+01 2.38000e+01 1.72000e+01 1.00000e-01
 3.58000e+01 8.83000e+01 2.27000e+01 6.19000e+01 8.92000e+01 6.78000e+01
 5.30000e+01 7.76000e+01 1.19000e+01 4.30000e+00 7.57000e+01 2.79000e+01
 1.54000e+01 3.43000e+01 4.29000e+01 9.59000e+01 7.22000e+01 1.04200e+02
 1.80000e+00 4.88000e+01 5.23000e+01 9.25000e+01 5.25000e+01 4.82000e+01
 5.16000e+01 7.11000e+01 5.40000e+01 6.88000e+01 8.57000e+01 2.11000e+01
 5.32000e+01 6.31000e+01 1.04300e+02 2.36000e+01 2.16000e+01 7.30000e+01
 9.50000e+00 2.72000e+01 3.03000e+01 1.50000e+01 9.65000e+01 3.56000e+01
 5.57000e+01 3.61000e+01 4.50000e+00 7.88000e+01 2.23000e+01 1.01800e+02
 8.56000e+01 1.29000e+01 7.83000e+01 4.00000e+01 9.48000e+01 9.70000e+00
 2.35000e+01 9.33000e+01 9.54000e+01 1.27000e+01 2.42000e+01 1.30000e+00
 7.42000e+01 1.06400e+02 7.40000e+00 5.63000e+01 5.84000e+01 1.97000e+01
 9.55000e+01 5.37000e+01 6.36000e+01 6.96000e+01 2.99000e+01 1.57000e+01
 9.89000e+01 1.39000e+01 3.25000e+01 8.76000e+01 9.12000e+01 2.18000e+01
 3.13000e+01 4.96000e+01 7.45000e+01 9.00000e+00 7.21000e+01 3.39000e+01
 4.22000e+01 7.48000e+01 2.74000e+01 6.93000e+01 3.40000e+00 7.46000e+01
 8.50000e+01 2.83000e+01 5.02000e+01 9.19000e+01 2.90000e+01 1.35000e+01
 1.99000e+01 5.53000e+01 6.64000e+01 4.44000e+01 3.73000e+01 1.01000e+01
 4.20000e+00 6.61000e+01 2.21000e+01 9.86000e+01 9.94000e+01 7.07000e+01
 4.40000e+01 1.60000e+01 4.19000e+01 8.60000e+00 6.87000e+01 7.92000e+01
 2.78000e+01 4.63000e+01 4.26000e+01 6.70000e+00 3.24000e+01 9.75000e+01
 4.95000e+01 5.00000e-01 3.37000e+01 6.25000e+01 7.55000e+01 2.12000e+01
 6.75000e+01 4.18000e+01 4.37000e+01 2.52000e+01 8.05000e+01 1.33000e+01
 1.62000e+01 3.14000e+01 7.63000e+01 2.09000e+01 2.61000e+01 6.79000e+01
 4.84000e+01 4.64000e+01 2.20000e+00 9.53000e+01 4.12000e+01 1.66000e+01
 2.02000e+01 6.80000e+00 7.99000e+01 8.35000e+01 4.02000e+01 1.04000e+01
 1.78000e+01 3.17000e+01 1.22000e+01 1.25000e+01 8.17000e+01 4.92000e+01
 6.20000e+00 5.87000e+01 6.18000e+01 6.00000e+00 4.90000e+00 2.91000e+01
 9.73000e+01 3.85000e+01 2.22000e+01 6.86000e+01 4.49000e+01 4.25000e+01
 5.12000e+01 9.17000e+01 7.65000e+01 5.13000e+01 8.39000e+01 6.01000e+01
 8.15000e+01 5.50000e+00 5.78000e+01 2.46000e+01 2.14000e+01 3.67000e+01
 2.13000e+01 9.41000e+01 6.27000e+01 4.98000e+01 8.50000e+00 1.96000e+01
 2.57000e+01 5.73000e+01 6.94000e+01 9.71000e+01 2.25000e+01 3.65000e+01
 2.19000e+01 5.70000e+00 3.22000e+01]"
delinq_2yrs_zero,[1 0]
total_rec_late_fee,"[  0.      29.9981  14.9966  83.8364  14.9968  94.8051  14.9827  26.8675
  14.9909  40.494   74.9621  17.5041  74.9685  38.155   59.9756  14.9906
  29.986   59.9776  44.9123  14.9836  47.7628  63.9471  14.99    14.9927
  14.9454  14.9843  24.926   34.5857  31.2195  59.8902  14.9813  14.9972
  49.8576  14.9823  44.036   14.9925  54.8008  29.9783  15.      21.18
  29.9773  19.302   16.0155  35.8382  52.2622  29.9827  26.5982  14.9864
 116.042   33.3167  20.7331  14.977   16.934   14.9888  87.6147  14.9869
  14.9705  85.5785  14.9659  79.0268  29.9262  31.3108  29.586   17.9598
  33.523   29.9654  25.8165   4.41    34.21    45.0867  14.9865  14.9911
  24.1127  99.4639  44.9932  62.4504  14.9932  14.9719   8.53    78.1967
  29.9209  14.9866  25.345   30.1475  15.0269  26.9319  23.1905  14.96
  37.7514  14.9743  32.439   39.9182  16.0062  19.473   40.1971  23.849
  18.9745  25.8085  14.969   16.219   34.3885  20.04    14.9267  14.9508
  14.9885  14.9371  28.908   37.4556  44.4729  14.9804  14.9886  24.807
  14.9838  14.9517  74.9906  14.9953  18.5083  14.9895  62.9962  14.9043
 125.158   18.6635  28.2062  14.8961  14.9409  17.6798  14.8918  14.9816
  14.9926  16.3755  14.9937  44.9769  14.9975  29.9926  59.99    29.9913
  14.9993  14.9998  44.9879  14.9987  14.9991  29.9978  14.997   14.9982
  14.9947  14.9976  14.994   14.9939  44.9982  44.9966  14.9994  30.
  29.9975  44.9987  29.9968  74.9882  14.9984  29.997   14.9985  14.9974
  14.9989  29.995   44.996   74.9973  29.9993  29.998   44.9978  45.
  14.9988  29.9969  29.9974  14.9919  78.9061  26.7295  18.8295  14.999
  29.9941  29.9991  29.9987  14.9979  14.9997  14.9973  44.9957  14.998
  14.9992  14.9898  16.9022  20.59     3.61    14.9914  14.9977  14.9755
  14.9837  25.8525  29.9929  85.682   34.6004  29.9243  20.474   29.8968
  66.0653  45.1644  41.1855  14.9388  14.9934  44.9809  14.9959  23.3907
  14.9514  53.9118  14.9829  38.7669  40.9021  33.2517  49.0946  14.9786
  16.463  146.414   14.966   14.9694  32.9429  14.9841  33.0855  18.2837
  14.8699  19.2064  29.9731 130.395   14.9402  44.8075  22.9339  14.9422
  39.957   14.9923  34.0768  35.4551  44.852   29.8873  17.2575  29.9602
 165.65    59.9081  56.7101  44.8044]"
int_rate,"[16.08 10.71 10.08 16.4  14.82 11.34 13.8  13.47 13.24  8.63 17.03 11.03
 13.17 10.39 15.13  8.   12.29 13.55 13.87 16.71  9.64 10.59 13.75 15.01
 15.65 14.38 12.8  11.22  9.96 11.54  8.38  8.07 14.07 16.28 12.49 13.12
  9.33  9.01 13.43 12.17 16.91  7.12 17.22  8.7  17.41  7.43 10.14 14.25
 10.46 13.3  13.62  9.83 10.78 13.93  9.2  11.09 11.41 12.36 15.2  15.83
 11.72 12.04 14.57 12.99 12.67 14.88  9.51  7.75 16.15 18.04 16.46 18.36
 15.51 17.09 17.72  6.    8.32 12.61  9.45 12.92 11.97 18.29  9.76 15.76
 15.45 11.66 14.18  7.37 18.61 14.5  17.97  7.68 17.66 17.34 10.51 12.22
 14.75 11.28 12.86 13.49 11.59  9.7  10.01 18.54 15.07 15.38 11.91 14.12
 16.01 16.65 10.64 12.54 10.96 15.7  16.96 17.91 10.33 18.86 17.59 16.33
 11.46 14.43 17.28 13.04 19.36 12.72 12.41 12.09 10.83 11.78 13.67 15.88
  9.07 10.2  11.14 13.36 15.57  9.38 14.93 14.62 17.15 11.26 14.42 15.25
 13.99 16.83 14.3  17.78 19.04 18.72 16.2  13.79 12.21 16.   12.53 17.46
  9.32 12.84 11.89 14.11 15.05 13.16 11.58  9.63 10.95 19.47 15.68 14.74
 16.95 15.37 18.21]"
collection_recovery_fee,"[0.00000e+00 1.39000e+00 6.05700e+01 6.30000e-01 6.13000e+00 2.69600e+02
 2.97000e+00 2.82000e+00 3.55000e+00 2.36000e+00 5.90000e-01 1.77000e+00
 3.20000e+00 1.54000e+00 5.60000e-01 1.26000e+00 2.18000e+00 1.45000e+00
 2.31310e+02 6.82000e+00 6.19000e+00 5.38000e+00 3.06000e+00 9.80000e-01
 7.32000e+00 4.19921e+03 2.54000e+00 1.16000e+00 1.68000e+00 6.20000e-01
 5.02370e+02 5.83000e+00 2.99000e+00 8.00000e-01 1.59800e+01 4.52000e+00
 7.39200e+02 1.75030e+02 9.93640e+02 7.62000e+00 4.33000e+00 1.91819e+03
 3.61370e+02 4.56000e+00 4.09000e+00 7.73000e+00 4.41000e+00 5.01000e+00
 3.79000e+00 1.93390e+02 2.07000e+00 6.07860e+02 4.07000e+00 4.80000e-01
 2.62310e+02 4.02000e+00 8.50000e-01 4.16000e+00 5.20640e+02 1.59000e+00
 4.03000e+00 5.64000e+00 5.27000e+00 1.06800e+01 4.42000e+00 8.48030e+02
 1.17000e+00 7.82000e+00 1.55436e+03 1.84000e+00 1.25000e+00 9.74000e+00
 2.95000e+00 6.55000e+00 6.56500e+01 5.91000e+00 1.66000e+00 2.55000e+00
 4.37000e+00 1.75150e+02 3.64000e+00 1.80000e+00 3.27974e+02 6.34000e+00
 5.70000e+00 4.35000e+00 2.57000e+00 3.39000e+00 5.31210e+02 6.00000e-01
 1.52000e+00 1.58000e+00 6.56000e+00 7.06600e+01 2.96000e+00 4.04000e+00
 1.58880e+02 5.73000e+00 2.69000e+00 5.51000e+00 4.32000e+00 1.63000e+00
 1.62128e+03 2.28000e+00 5.19299e+03 9.80280e+02 4.15000e+00 2.46670e+03
 4.94000e+00 1.86000e+00 1.44000e+00 2.24000e+00 5.20000e-01 2.77000e+00
 9.00000e-01 1.36873e+03 3.71000e+00 4.58000e+00 4.81000e+00 3.27000e+00
 4.27000e+00 5.61200e+02 2.16000e+00 8.22000e+00 3.70000e-01 6.59000e+00
 3.23000e+00 2.27000e+00 3.98000e+00 1.30920e+03 5.12490e+02 4.81790e+02
 6.24000e+00 6.64360e+02 6.18050e+02 1.90000e-01 1.98000e+00 5.17000e+00
 3.26640e+02 1.50000e+00 5.99000e+00 1.85973e+03 8.10000e-01 1.34000e+00
 6.82110e+02 7.00200e+01 1.89000e+00 8.40230e+02 2.03920e+02 1.08513e+03
 3.40000e-01 1.78000e+00 6.40000e-01 5.03000e+00 7.70000e-01 2.81000e+00
 1.33000e+00 1.60000e-01 1.13000e+00 1.03000e+00 1.85000e+00 1.09798e+03
 1.73000e+00 1.80000e-01 5.40000e-01 1.28000e+00 2.31000e+00 1.72000e+00
 2.68000e+00 9.63900e+01 2.73000e+00 4.40000e-01 9.40000e-01 1.38000e+00
 1.47000e+00 1.76000e+00 9.30000e-01 4.70000e-01 1.40000e-01 2.10000e+00
 1.29000e+00 2.46000e+00 5.25800e+01 2.06000e+00 4.80000e+00 4.21000e+00
 2.39401e+03 4.23000e+00 2.81000e+01 1.45430e+02 2.03000e+00 2.35455e+03
 2.41000e+00 1.94000e+00 2.74000e+00 5.18400e+02 3.50500e+01 3.50000e-01
 2.17000e+00 2.83800e+01 1.37000e+00 3.38000e+00 7.51800e+01 3.34000e+00
 3.16720e+02 1.33030e+02 1.08639e+03 7.00720e+02 2.79000e+00 6.50000e+00
 1.02300e+01 1.12000e+00 2.05000e+00 1.41080e+02 1.02000e+00 1.35000e+00
 7.76000e+00 1.60650e+02 4.96000e+00 4.28300e+01 1.20000e+00 6.98600e+01
 2.88000e+00 2.53000e+00 5.16000e+00 6.50000e-01 3.95000e+00 4.00000e+00
 8.22904e+02 4.08000e+00 3.66000e+00 5.43400e+01 3.87000e+00 3.98881e+03
 3.03000e+00 1.17580e+02 2.22000e+00 5.50000e-01]"
funded_amnt,"[ 1000  7000  5025  3575  5000  2650  4400 10625  7500  9000  6625 16000
 10000  2300 18000  6000 11950  7100 15000  6800  4800  9600 10850 25000
  5875 12000 14550  8000 20000  4000  2500  1675 24000 15450 14300  4350
  3000 11000  4725  9500 10100  7400  2750 18500  2675  7850 17350  2000
  2400  9325  9400 21000 12750  8175 13025 11200  1075  1650 11500  5500
  3500  7200  2100  2225   500  8775 13625  3800  4500  2200  3250  1200
  2450  8400 12800 16800 18875 13875 12500 14000  9300 11625  2150 13500
  1850 22000 18900 14400 12550  5600  6050 10800  9800 11750 23000  1600
  6600 13525 10400  8525  1800  5200 11225  8975 19000   550 11325 14725
  5925 12325 10500  5950  1300  4225  5400  8050  8225  5450 13450 12100
  2600   925  1500  6400 10150 10425 19200  3200 20825 16600  8575 10075
 10325  4600 13000 18125 23400   800  2900  9700 17750 13925 11800  9900
  5100  8500  9100 17250  6225  1450 14500 19500  6825 20050 15250 17000
  2050  2725 15075   750  3975  3600  7600  5275 24500  6350   600  3175
  8950 20500 22725  4650  5800 15600 14275   900 12375  5250 19275 10200
 14700  2925 10600 15100  1525  4700  7750  8800  8450  7800 10225 12650
 12200  6300   950 19400 21600  6250 13150 19600  2800  6650 16400  8600
  4675 10475  6150  6975  1125 23100 11400 13200   700  4325  6875 18825
  5775  6500 18175  8350 18600  4200  3300  7275   725  9775 22450  4575
 11350  5150  2475  4075  5700  1325  6200  6700  9200  9275  4850  9125
  3475  7900  3700  4125  3075  4550  3625  3525  9250  7675  4300  2125
  2250  4275  4375  5300  5175  3050  4875  4625  3100  5475  5850  5125
  3650  3125  1750  5075  1700  4975  1175  4750  5050  4150  4900  1400
  1025  7300  1925  4475  5225  3025  3400  3925  1825  5750  5900  6075
  4250  6850  1250  4100  4950  6725 11300  1100 14125 10050 14450  7450
  1050  4450  1550  4825  6900  5350  5425  7050  3725  1375  2375  5575
  5675  6525  3375  5550  6275  6100  1225  1475  6475  6775  6950  2875
  6550  1775  4775 11250 15975  8200 15500  9925  3900  7550 16750  9450
  8300  5375  8750  9975 14200  7250 13300 13075 18400 15275  5325 24950
 11575 11775 11475  9725 14800 15900  8550 17525 18200 20475  7350 14050
 16650 17600 10750 12600  7375 23750  9950  7475  1150 12250 18800]"
pub_rec_zero,[1 0]
member_id,[107577 114426 129814 ... 385797 385363 385844]
loan_status,"['Does not meet the credit policy.  Status:Fully Paid' 'Fully Paid'
 'Does not meet the credit policy.  Status:Charged Off' 'Charged Off']"
collections_12_mths_ex_med,[0]
loan_amnt,"[ 1000  7000  7500  3575  5000  5100 10625  9000  6625 16000 10000  2300
 18000  6000 20000  7100 15000  6800  4800  9600 10850 25000  5875 12000
 14550  8000  4000  2500  1675 24000 15450 14300  4350  3000 11000  4725
  9500 10100  7400  2750 18500  2675  7850 17350  2000  2400  9325  9400
 21000 12750  8175 13025 11200  1075  1650 11500  5500  3500  7200  2100
  2225   500  8775 13625  3800  4500  2200  3250  1200  2450  8400 12800
 16800 18875 24625 12500 14000  9300 11625  2150 13500  1850 22000 18900
 14400 12550  5600  6050 10800  9800 11750 23000  1600  6600 13525 10400
  8525  1800  5200 11225  8975 19000   550 11325 14725  5925 12325 10500
  5950  1300  4225  5400  8050  8225  5450 13450 12100  2600   925  1500
  6400 10150 10425 19200  3200 20825 16600  8575 10075 10325  4600 13000
 18125 23400   800  2900  9700 17750 13925 11800  9900  8500  9100 17250
  6225  1450 14500 19500  6825 20050 15250 17000  2050  2725 15075   750
  3975  3600  7600  5275 24500  6350   600  3175  8950 20500 22725  4650
  5800 15600 14275   900 12375  5250 19275 10200 14700  2925 10600 15100
  1525  4700  7750  8800  8450  7800 10225 12650 12200  6300   950 19400
 21600  6250 13150 19600  2800  6650 16400  8600 10475  6150  6975  1125
 23100 11400 13200  4400   700  8350 23575  3300   725  4075  5700  1325
  4200  9200 16775  9250  9850  9125  7675  7900  8325  9525  3050  6700
  3100  5125  6500  5075  1400  5050  1025  7300  1925  7250  4475  4550
  3025  3400  5850  1825  5750  5900  2250  4250  7225  4950  6725 14125
  9750 10925  2700  4900  1750  6275  4275  2875  1775  5150  4775 11250
 15975  6950  8200 15500  9925  3900 16750  5550  9450  8300  5375  8750
  9975 18400 24950 13750  3700 14800 15900  8550 17525 18200 20475 17600
 10750 12600  7375 23750  4150  9950  7475  1250  1150 12250 18800]"
payment_inc_ratio,[1.408   4.21329 1.56019 ... 3.52284 6.78312 1.90482]
issue_d,"['20080701T000000' '20080501T000000' '20080401T000000' '20080301T000000'
 '20080601T000000' '20080901T000000' '20081201T000000' '20080801T000000'
 '20080101T000000' '20080201T000000' '20081101T000000' '20081001T000000']"
